id;titre;description;date;lieu
1;incentivize capacitor;../fake-data/blob/hipster.txt;2022-03-02;bandwidth Vaneau
2;revolutionize ADP;../fake-data/blob/hipster.txt;2022-03-01;auxiliary Chicken
3;human-resource Dinar seize;../fake-data/blob/hipster.txt;2022-03-02;secondary IB Berkshire
4;Rubber B2B Bulgarie;../fake-data/blob/hipster.txt;2022-03-02;Borders
5;Computers withdrawal;../fake-data/blob/hipster.txt;2022-03-01;Chicken incubate Rubber
6;b Poitou-Charentes;../fake-data/blob/hipster.txt;2022-03-02;la online Card
7;Pastourelle;../fake-data/blob/hipster.txt;2022-03-01;schemas bus Nord-Pas-de-Calais
8;Languedoc-Roussillon Robust;../fake-data/blob/hipster.txt;2022-03-02;generation d'Azur Agent
9;invoice;../fake-data/blob/hipster.txt;2022-03-01;maroon pink Berkshire
10;fuchsia Manat;../fake-data/blob/hipster.txt;2022-03-02;navigating a
