id;type_beneficiaire;autre_beneficiaire;description;justification
1;AUTRE;Nicaragua;../fake-data/blob/hipster.txt;e-markets partnerships lime
2;AUTRE;redundant c Shirt;../fake-data/blob/hipster.txt;SAS Refined protocol
3;AUTRE;a a invoice;../fake-data/blob/hipster.txt;applications
4;Association;Automotive models Ariary;../fake-data/blob/hipster.txt;firewall
5;ASC;value-added mindshare Directeur;../fake-data/blob/hipster.txt;bricks-and-clicks Developpeur
6;AUTRE;motivating paradigm;../fake-data/blob/hipster.txt;firewall port
7;GIE;Investment;../fake-data/blob/hipster.txt;Auvergne Mozambique Practical
8;Groupement;alarm Provence-Alpes-Côte;../fake-data/blob/hipster.txt;pixel indexing
9;GIE;Rustic granular;../fake-data/blob/hipster.txt;Licensed la République
10;AUTRE;invoice indexing;../fake-data/blob/hipster.txt;Administrateur bus
