id;nom_eve;but;objectif;date;lieu
1;administration a synthesize;../fake-data/blob/hipster.txt;../fake-data/blob/hipster.txt;2022-06-26;Honduras open-source
2;Analyste;../fake-data/blob/hipster.txt;../fake-data/blob/hipster.txt;2022-06-27;c digital
3;Beauty;../fake-data/blob/hipster.txt;../fake-data/blob/hipster.txt;2022-06-26;Chair Zadkine
4;compelling;../fake-data/blob/hipster.txt;../fake-data/blob/hipster.txt;2022-06-26;Quetzal paradigm
5;Madagascar Pays Cambridgeshire;../fake-data/blob/hipster.txt;../fake-data/blob/hipster.txt;2022-06-27;connecting
6;bypassing;../fake-data/blob/hipster.txt;../fake-data/blob/hipster.txt;2022-06-26;revolutionize Bedfordshire
7;Richelieu;../fake-data/blob/hipster.txt;../fake-data/blob/hipster.txt;2022-06-26;platforms quantifying Money
8;Berkshire;../fake-data/blob/hipster.txt;../fake-data/blob/hipster.txt;2022-06-26;Haute-Normandie withdrawal Reverse-engineered
9;Cloned Sausages;../fake-data/blob/hipster.txt;../fake-data/blob/hipster.txt;2022-06-26;feed hacking Concrete
10;orange revolutionary Consultant;../fake-data/blob/hipster.txt;../fake-data/blob/hipster.txt;2022-06-26;loyalty Outdoors
