id;organisateur;description
1;real-time e-markets maroon;../fake-data/blob/hipster.txt
2;reboot intelligence Fish;../fake-data/blob/hipster.txt
3;Somoni Account;../fake-data/blob/hipster.txt
4;Ball parse cultivate;../fake-data/blob/hipster.txt
5;Car Intelligent interactive;../fake-data/blob/hipster.txt
6;leading-edge;../fake-data/blob/hipster.txt
7;Djibouti Cambridgeshire mission-critical;../fake-data/blob/hipster.txt
8;parsing grow Yen;../fake-data/blob/hipster.txt
9;a SDR;../fake-data/blob/hipster.txt
10;Table Borders;../fake-data/blob/hipster.txt
