id;type_donneur;prenom;nom;email;adresse;tel_1;ville;description
1;ETAT;Jordan;cross-platform;Ysaline_Dumont51@gmail.com;white black;Chat-qui-Pêche;content face;../fake-data/blob/hipster.txt
2;AUTRES;Reduced;Devolved;Nathan.Rousseau@hotmail.fr;object-oriented;invoice Frozen Ghana;Cheese Midi-Pyrénées Marcadet;../fake-data/blob/hipster.txt
3;ASSOCIATION;online Agent;auxiliary program;Angadrme.Charpentier@hotmail.fr;Dollar Buckinghamshire copy;a Berkshire USB;Peso b Plastic;../fake-data/blob/hipster.txt
4;ONG;a;Namibie strategize Franche-Comté;Fulbert.Renaud65@hotmail.fr;User-friendly generating Cotton;Jewelery a;Oman indigo bypassing;../fake-data/blob/hipster.txt
5;ETAT;Rial deposit Pa'anga;groupware Cotton;Roch.Renault87@gmail.com;vortals;capacitor Riel;invoice;../fake-data/blob/hipster.txt
6;AUTRES;IB implement up;Champagne-Ardenne;Archange_Roussel@hotmail.fr;Saint-Dominique uniform;program Metal;des;../fake-data/blob/hipster.txt
7;ASSOCIATION;a;repurpose capacitor one-to-one;Normand6@gmail.com;Cotton Computer purple;Re-engineered Languedoc-Roussillon;leverage;../fake-data/blob/hipster.txt
8;ONG;Rupiah generating;Tuna orchid;Agathe_Giraud2@gmail.com;Midi-Pyrénées Market Buckinghamshire;Poitou-Charentes;Saint-Christophe-et-Niévès auxiliary b;../fake-data/blob/hipster.txt
9;ENTREPRISE;encryption Future-proofed Poitou-Charentes;Account Hat state;Adonise.Marchal@gmail.com;Superviseur;Function-based Account Home;users Berkshire;../fake-data/blob/hipster.txt
10;ENTREPRISE;du;Account leverage;Ambre_Dupuis@gmail.com;Bedfordshire Consultant;index;Licensed c;../fake-data/blob/hipster.txt
