id;nom_eleveur;prenom_eleveur;tel_eleveur;tel_1_eleveur;adresse;nom_elevage;description_activite
1;Quality-focused Account;solution;AI Computer;indexing;Account haptic Towels;Volailles;indexing Ergonomic
2;generating;input copy c;Lari;hack;Proactive Shoes;Moutons;input hack
3;open-source;Rubber copy bypassing;compressing;transmitter a;Advanced;Autre;optimal Buckinghamshire
4;process;state withdrawal;sensor Savings web-readiness;b a compressing;Cambridgeshire;Moutons;c Concrete
5;Stand-alone deposit primary;asynchronous;Generic;Account;Metal lime Account;Autre;Borders
6;Movies Cambridgeshire Wooden;JBOD deposit;1080p impactful;Cambridgeshire input Soft;a;Bovin;Health Japon
7;digital;Table;Ã‰quateur e-services Aquitaine;parsing;c;Moutons;Botswana
8;Rubber holistic Azerbaijanian;Sleek;multi-byte digital applications;Nord-Pas-de-Calais connect transmitting;Hongrie digital hack;Autre;primary Kwanza
9;contingency a back;definition Rivoli du;grow real-time;solution-oriented orchestration a;Computer Denar networks;Autre;Assistant drive AGP
10;withdrawal Frozen relationships;a;generate;Garden Networked c;HTTP transitional wireless;Bovin;Technicien
