id;nom;prenom;email;tel;tel_1
1;calculate Stagiaire circuit;Comores Burkina a;Philibert.Barre60@gmail.com;c Directeur;content matrix b
2;harness solid wireless;backing;Madeleine55@yahoo.fr;Metal;mindshare Administrateur Shilling
3;back-end multi-byte Picardie;quantifying Frozen;Alberte.Dupuy96@gmail.com;Bedfordshire global;calculating
4;Plastic;productivity d'Abbeville Consultant;Aymardine72@gmail.com;Maldives Ergonomic frictionless;Clothing Soft indexing
5;blue Nord-Pas-de-Calais revolutionary;synthesizing;Camlien.David22@yahoo.fr;iterate Rubber;olive bus content
6;Hat a;Realigned Cambridgeshire;Palmon_Riviere3@yahoo.fr;quantifying online invoice;Rustic sensor
7;compressing;Soap;Alcine_Guerin72@yahoo.fr;Realigned;mobile Royale scalable
8;navigate;Dahomey;Angle.Vidal@gmail.com;infomediaries;grey BÃ©nin c
9;b;copy Cloned mesh;Sandrine.Hubert@yahoo.fr;Ergonomic;olive
10;Configurable;Berkshire;Sigismond_Lecomte29@yahoo.fr;c matrix;Beauty a
