id;titre;description;lien
1;synergize;../fake-data/blob/hipster.txt;Bedfordshire Extended
2;compressing;../fake-data/blob/hipster.txt;EXE Adaptive plum
3;a Metal;../fake-data/blob/hipster.txt;Bourgogne
4;c Bedfordshire;../fake-data/blob/hipster.txt;concept Champagne-Ardenne innovate
5;Rubber connecting;../fake-data/blob/hipster.txt;b
6;Rial architectures;../fake-data/blob/hipster.txt;Kenya
7;JBOD c;../fake-data/blob/hipster.txt;Cotton
8;Cambodge Faso deploy;../fake-data/blob/hipster.txt;Optimized
9;Technicien sexy Auvergne;../fake-data/blob/hipster.txt;Checking array Decentralized
10;next;../fake-data/blob/hipster.txt;silver
