id;nom;prenom;date_nais;lieu_nais;poste;photo;photo_content_type
1;Centre;Arabie open-source e-markets;2022-03-01;repurpose users;MILIEU_TERRAIN;../fake-data/blob/hipster.png;image/png
2;port;pink Tasty;2022-03-02;c;MILIEU_TERRAIN;../fake-data/blob/hipster.png;image/png
3;Towels c;evolve Metal;2022-03-01;Mozambique e-services Tools;GARDIEN;../fake-data/blob/hipster.png;image/png
4;b Gloves;Wooden;2022-03-02;Sports Specialiste;GARDIEN;../fake-data/blob/hipster.png;image/png
5;reboot;Credit la;2022-03-02;Account B2C Executif;MILIEU_TERRAIN;../fake-data/blob/hipster.png;image/png
6;gold;GB payment enterprise;2022-03-01;Architecte Manat;MILIEU_TERRAIN;../fake-data/blob/hipster.png;image/png
7;Nicaragua bandwidth-monitored;Franche-Comt√© Fresh;2022-03-02;b c;GARDIEN;../fake-data/blob/hipster.png;image/png
8;Concrete Unbranded;Clothing ability;2022-03-02;Administrateur program;DEFENSEUR;../fake-data/blob/hipster.png;image/png
9;fuchsia;Gloves;2022-03-01;Manager leading-edge;ATTAQUANT;../fake-data/blob/hipster.png;image/png
10;panel;Generic override;2022-03-02;redundant Panoramas;GARDIEN;../fake-data/blob/hipster.png;image/png
