id;profil;autre;domaine;description
1;Entrepreneur;quantify;Artistes;../fake-data/blob/hipster.txt
2;Entrepreneur;neural input a;Artistes;../fake-data/blob/hipster.txt
3;Etudiant;Borders impactful;Artistes;../fake-data/blob/hipster.txt
4;Commercant;connecting empowering a;Danseurs;../fake-data/blob/hipster.txt
5;Chercheur_emploi;multi-byte Malagasy sky;Danseurs;../fake-data/blob/hipster.txt
6;Commercant;a quantifying Ingenieur;Chanteurs;../fake-data/blob/hipster.txt
7;Chercheur_emploi;Bolivar Specialiste embrace;Chanteurs;../fake-data/blob/hipster.txt
8;Autre;monitor productize;Danseurs;../fake-data/blob/hipster.txt
9;Chercheur_emploi;Rustic multi-tasking;Artistes;../fake-data/blob/hipster.txt
10;Etudiant;Account c Marks;Danseurs;../fake-data/blob/hipster.txt
